cluster_id,application_id,start_time,end_time,app_number
1485248649253,application_1485248649253_0121,2017-06-08T13:19:49.000Z,2017-06-08T14:23:34.000Z,0121
1485248649253,application_1485248649253_0132,2017-06-08T18:53:13.000Z,2017-06-08T22:49:01.000Z,0132
1485248649253,application_1485248649253_0129,2017-06-08T16:07:04.000Z,2017-06-08T17:00:50.000Z,0129
1485248649253,application_1485248649253_0146,2017-06-09T19:17:08.000Z,2017-06-09T20:01:54.000Z,0146
1485248649253,application_1485248649253_0137,2017-06-09T11:08:20.000Z,2017-06-09T14:05:01.000Z,0137
1485248649253,application_1485248649253_0136,2017-06-09T10:30:01.000Z,2017-06-09T11:20:50.000Z,0136
1485248649253,application_1485248649253_0139,2017-06-09T15:30:53.000Z,2017-06-09T16:09:08.000Z,0139
1485248649253,application_1485248649253_0134,2017-06-09T09:38:32.000Z,2017-06-09T10:20:09.000Z,0134
1485248649253,application_1485248649253_0131,2017-06-08T17:14:12.000Z,2017-06-08T18:02:49.000Z,0131
1485248649253,application_1485248649253_0141,2017-06-09T16:36:24.000Z,2017-06-09T17:07:24.000Z,0141
1485248649253,application_1485248649253_0124,2017-06-08T14:38:50.000Z,2017-06-08T15:09:51.000Z,0124
1485248649253,application_1485248649253_0111,2017-06-08T10:26:16.000Z,2017-06-08T10:53:05.000Z,0111
1485248649253,application_1485248649253_0110,2017-06-08T10:03:53.000Z,2017-06-08T10:29:24.000Z,0110
1485248649253,application_1485248649253_0144,2017-06-09T17:31:13.000Z,2017-06-09T19:08:29.000Z,0144
1485248649253,application_1485248649253_0117,2017-06-08T11:25:56.000Z,2017-06-08T11:47:47.000Z,0117
1485248649253,application_1485248649253_0149,2017-06-09T20:59:43.000Z,2017-06-09T22:28:08.000Z,0149
1485248649253,application_1485248649253_0148,2017-06-09T20:24:06.000Z,2017-06-09T21:05:46.000Z,0148
1485248649253,application_1485248649253_0140,2017-06-09T16:15:44.000Z,2017-06-09T16:35:11.000Z,0140
1485248649253,application_1485248649253_0142,2017-06-09T16:56:04.000Z,2017-06-09T17:46:29.000Z,0142
1485248649253,application_1485248649253_0135,2017-06-09T10:20:18.000Z,2017-06-09T10:41:03.000Z,0135
1485248649253,application_1485248649253_0147,2017-06-09T20:10:40.000Z,2017-06-09T20:39:06.000Z,0147
1485248649253,application_1485248649253_0002,2017-02-01T11:58:08.000Z,2017-02-02T03:30:45.000Z,0002
1485248649253,application_1485248649253_0109,2017-06-08T09:59:00.000Z,2017-06-08T10:12:44.000Z,0109
1485248649253,application_1485248649253_0138,2017-06-09T15:02:32.000Z,2017-06-09T15:26:59.000Z,0138
1485248649253,application_1485248649253_0120,2017-06-08T12:06:47.000Z,2017-06-08T12:29:43.000Z,0120
1485248649253,application_1485248649253_0108,2017-06-08T09:42:42.000Z,2017-06-08T10:04:46.000Z,0108
1485248649253,application_1485248649253_0130,2017-06-08T16:55:15.000Z,2017-06-08T17:21:58.000Z,0130
1485248649253,application_1485248649253_0089,2017-06-06T21:27:33.000Z,2017-06-06T21:42:09.000Z,0089
1485248649253,application_1485248649253_0064,2017-04-13T19:41:24.000Z,2017-04-13T20:49:17.000Z,0064
1485248649253,application_1485248649253_0066,2017-04-13T20:40:33.000Z,2017-04-13T21:13:42.000Z,0066
1474351042505,application_1474351042505_2578,2016-11-18T22:30:06.000Z,2016-11-19T00:59:04.000Z,2578
1460011102909,application_1460011102909_0176,2016-07-26T11:54:20.000Z,2016-07-26T12:19:25.000Z,0176
1485248649253,application_1485248649253_0128,2017-06-08T15:43:03.000Z,2017-06-08T16:04:40.000Z,0128
1485248649253,application_1485248649253_0100,2017-06-07T15:40:55.000Z,2017-06-07T16:01:59.000Z,0100
1485248649253,application_1485248649253_0125,2017-06-08T15:08:48.000Z,2017-06-08T15:25:53.000Z,0125
1485248649253,application_1485248649253_0106,2017-06-07T16:51:10.000Z,2017-06-07T17:09:24.000Z,0106
1485248649253,application_1485248649253_0133,2017-06-09T09:12:49.000Z,2017-06-09T09:28:15.000Z,0133
1485248649253,application_1485248649253_0107,2017-06-07T17:00:58.000Z,2017-06-07T17:20:52.000Z,0107
1485248649253,application_1485248649253_0099,2017-06-07T15:29:35.000Z,2017-06-07T15:50:16.000Z,0099
1485248649253,application_1485248649253_0145,2017-06-09T18:57:18.000Z,2017-06-09T19:19:05.000Z,0145
1485248649253,application_1485248649253_0127,2017-06-08T15:40:53.000Z,2017-06-08T15:56:29.000Z,0127
1485248649253,application_1485248649253_0030,2017-03-16T17:46:33.000Z,2017-03-16T20:33:32.000Z,0030
1485248649253,application_1485248649253_0105,2017-06-07T16:41:45.000Z,2017-06-07T17:01:01.000Z,0105
1485248649253,application_1485248649253_0104,2017-06-07T16:37:02.000Z,2017-06-07T16:54:11.000Z,0104
1485248649253,application_1485248649253_0043,2017-03-27T19:34:24.000Z,2017-03-27T20:08:45.000Z,0043
1485248649253,application_1485248649253_0170,2017-06-10T15:22:59.000Z,2017-06-10T15:40:14.000Z,0170
1485248649253,application_1485248649253_0126,2017-06-08T15:24:33.000Z,2017-06-08T15:47:00.000Z,0126
1485248649253,application_1485248649253_0116,2017-06-08T11:00:28.000Z,2017-06-08T11:18:42.000Z,0116
1485248649253,application_1485248649253_0103,2017-06-07T16:21:21.000Z,2017-06-07T16:38:28.000Z,0103
1485248649253,application_1485248649253_0097,2017-06-07T15:03:51.000Z,2017-06-07T15:23:51.000Z,0097
1485248649253,application_1485248649253_0158,2017-06-10T15:04:03.000Z,2017-06-10T15:22:13.000Z,0158
1485248649253,application_1485248649253_0115,2017-06-08T10:55:30.000Z,2017-06-08T11:13:43.000Z,0115
1485248649253,application_1485248649253_0098,2017-06-07T15:11:08.000Z,2017-06-07T15:30:38.000Z,0098
1485248649253,application_1485248649253_0167,2017-06-10T15:18:05.000Z,2017-06-10T15:35:11.000Z,0167
1485248649253,application_1485248649253_0169,2017-06-10T15:21:18.000Z,2017-06-10T15:38:52.000Z,0169
1485248649253,application_1485248649253_0119,2017-06-08T11:54:33.000Z,2017-06-08T12:07:56.000Z,0119
1485248649253,application_1485248649253_0042,2017-03-27T14:28:01.000Z,2017-03-27T15:18:26.000Z,0042
1485248649253,application_1485248649253_0050,2017-03-28T18:00:09.000Z,2017-03-28T18:43:08.000Z,0050
1485248649253,application_1485248649253_0171,2017-06-10T15:24:53.000Z,2017-06-10T15:48:46.000Z,0171
1485248649253,application_1485248649253_0166,2017-06-10T15:16:28.000Z,2017-06-10T15:34:02.000Z,0166
1485248649253,application_1485248649253_0044,2017-03-28T11:11:56.000Z,2017-03-28T11:39:47.000Z,0044
1485248649253,application_1485248649253_0038,2017-03-23T14:31:22.000Z,2017-03-23T15:14:46.000Z,0038
1485248649253,application_1485248649253_0095,2017-06-06T22:03:14.000Z,2017-06-06T22:22:40.000Z,0095
1485248649253,application_1485248649253_0165,2017-06-10T15:14:56.000Z,2017-06-10T15:32:03.000Z,0165
1485248649253,application_1485248649253_0168,2017-06-10T15:19:39.000Z,2017-06-10T15:35:04.000Z,0168
1485248649253,application_1485248649253_0056,2017-03-29T19:21:17.000Z,2017-03-29T20:02:22.000Z,0056
1485248649253,application_1485248649253_0047,2017-03-28T15:07:59.000Z,2017-03-28T15:43:55.000Z,0047
1485248649253,application_1485248649253_0035,2017-03-21T09:41:22.000Z,2017-03-21T10:30:24.000Z,0035
1485248649253,application_1485248649253_0039,2017-03-23T14:35:13.000Z,2017-03-23T15:23:34.000Z,0039
1485248649253,application_1485248649253_0045,2017-03-28T11:30:59.000Z,2017-03-28T11:47:43.000Z,0045
1448006111297,application_1448006111297_0137,2016-04-07T10:45:21.000Z,2016-04-07T11:28:11.000Z,0137
1485248649253,application_1485248649253_0159,2017-06-10T15:06:16.000Z,2017-06-10T15:23:15.000Z,0159
1485248649253,application_1485248649253_0036,2017-03-21T11:34:08.000Z,2017-03-21T12:22:14.000Z,0036
1448006111297,application_1448006111297_0138,2016-04-07T11:39:58.000Z,2016-04-07T12:22:08.000Z,0138
1485248649253,application_1485248649253_0162,2017-06-10T15:10:34.000Z,2017-06-10T15:27:59.000Z,0162
1485248649253,application_1485248649253_0155,2017-06-10T14:59:38.000Z,2017-06-10T15:17:13.000Z,0155
1485248649253,application_1485248649253_0037,2017-03-23T13:59:32.000Z,2017-03-23T14:36:47.000Z,0037
1485248649253,application_1485248649253_0164,2017-06-10T15:13:20.000Z,2017-06-10T15:28:43.000Z,0164
1485248649253,application_1485248649253_0160,2017-06-10T15:07:44.000Z,2017-06-10T15:24:36.000Z,0160
1485248649253,application_1485248649253_0092,2017-06-06T21:45:56.000Z,2017-06-06T22:05:06.000Z,0092
1485248649253,application_1485248649253_0048,2017-03-28T15:38:31.000Z,2017-03-28T16:08:38.000Z,0048
1485248649253,application_1485248649253_0057,2017-03-29T21:11:38.000Z,2017-03-29T21:49:45.000Z,0057
1485248649253,application_1485248649253_0157,2017-06-10T15:09:28.000Z,2017-06-10T15:20:01.000Z,0157
1485248649253,application_1485248649253_0153,2017-06-10T14:56:51.000Z,2017-06-10T15:13:49.000Z,0153
1485248649253,application_1485248649253_0046,2017-03-28T11:43:31.000Z,2017-03-28T11:59:11.000Z,0046
1485248649253,application_1485248649253_0150,2017-06-10T14:59:40.000Z,2017-06-10T15:09:47.000Z,0150
1485248649253,application_1485248649253_0152,2017-06-10T15:02:20.000Z,2017-06-10T15:12:49.000Z,0152
1485248649253,application_1485248649253_0073,2017-04-25T18:11:33.000Z,2017-04-25T21:54:35.000Z,0073
1485248649253,application_1485248649253_0154,2017-06-10T15:05:03.000Z,2017-06-10T15:15:08.000Z,0154
1485248649253,application_1485248649253_0118,2017-06-08T11:44:19.000Z,2017-06-08T12:04:13.000Z,0118
1485248649253,application_1485248649253_0102,2017-06-07T16:11:47.000Z,2017-06-07T16:30:30.000Z,0102
1485248649253,application_1485248649253_0156,2017-06-10T15:01:11.000Z,2017-06-10T15:18:14.000Z,0156
1485248649253,application_1485248649253_0151,2017-06-10T15:01:01.000Z,2017-06-10T15:11:06.000Z,0151
1485248649253,application_1485248649253_0068,2017-04-13T21:26:01.000Z,2017-04-13T23:59:39.000Z,0068
1485248649253,application_1485248649253_0161,2017-06-10T15:09:15.000Z,2017-06-10T15:26:07.000Z,0161
1485248649253,application_1485248649253_0034,2017-03-21T09:28:15.000Z,2017-03-21T09:48:24.000Z,0034
1485248649253,application_1485248649253_0096,2017-06-06T22:15:13.000Z,2017-06-06T22:34:30.000Z,0096
1485248649253,application_1485248649253_0101,2017-06-07T16:08:52.000Z,2017-06-07T16:27:22.000Z,0101
1485248649253,application_1485248649253_0163,2017-06-10T15:19:47.000Z,2017-06-10T15:29:16.000Z,0163
1485248649253,application_1485248649253_0072,2017-04-20T13:43:42.000Z,2017-04-20T16:25:57.000Z,0072
1485248649253,application_1485248649253_0094,2017-06-06T21:57:06.000Z,2017-06-06T22:16:21.000Z,0094
1485248649253,application_1485248649253_0091,2017-06-06T21:38:58.000Z,2017-06-06T21:58:01.000Z,0091
1485248649253,application_1485248649253_0090,2017-06-06T21:29:49.000Z,2017-06-06T21:48:49.000Z,0090
1485248649253,application_1485248649253_0074,2017-05-02T12:38:46.000Z,2017-05-02T15:17:30.000Z,0074
1485248649253,application_1485248649253_0093,2017-06-06T21:51:49.000Z,2017-06-06T22:11:00.000Z,0093
1485248649253,application_1485248649253_0071,2017-04-13T22:50:46.000Z,2017-04-14T00:33:51.000Z,0071
1485248649253,application_1485248649253_0172,2017-06-10T20:30:59.000Z,2017-06-10T20:45:49.000Z,0172
1485248649253,application_1485248649253_0123,2017-06-08T14:21:33.000Z,2017-06-08T14:40:35.000Z,0123
1485248649253,application_1485248649253_0075,2017-05-08T08:36:49.000Z,2017-05-08T10:25:51.000Z,0075
1485248649253,application_1485248649253_0061,2017-03-29T23:04:42.000Z,2017-03-30T00:03:07.000Z,0061
1485248649253,application_1485248649253_0041,2017-03-23T15:52:19.000Z,2017-03-23T16:27:15.000Z,0041
1485248649253,application_1485248649253_0122,2017-06-08T14:15:25.000Z,2017-06-08T14:24:40.000Z,0122
1485248649253,application_1485248649253_0059,2017-03-29T22:59:28.000Z,2017-03-30T00:32:02.000Z,0059
1485248649253,application_1485248649253_0076,2017-05-08T09:49:41.000Z,2017-05-08T13:05:34.000Z,0076
1485248649253,application_1485248649253_0070,2017-04-13T21:55:47.000Z,2017-04-13T23:25:42.000Z,0070
1485248649253,application_1485248649253_0067,2017-04-13T20:45:08.000Z,2017-04-13T22:07:06.000Z,0067
1485248649253,application_1485248649253_0060,2017-03-29T23:10:07.000Z,2017-03-30T00:44:07.000Z,0060
1485248649253,application_1485248649253_0063,2017-04-13T18:45:36.000Z,2017-04-14T01:23:39.000Z,0063
1485248649253,application_1485248649253_0058,2017-03-29T21:42:30.000Z,2017-03-29T23:17:39.000Z,0058
1485248649253,application_1485248649253_0062,2017-04-11T19:12:00.000Z,2017-04-11T23:12:31.000Z,0062
1472621869829,application_1472621869829_0087,2016-09-09T08:04:46.000Z,2016-09-09T08:05:19.000Z,0087
1485248649253,application_1485248649253_0049,2017-03-28T17:01:07.000Z,2017-03-28T17:40:20.000Z,0049
1485248649253,application_1485248649253_0184,2017-07-27T21:02:56.000Z,2017-07-27T21:22:53.000Z,0184
1485248649253,application_1485248649253_0027,2017-03-16T17:04:51.000Z,2017-03-16T17:26:44.000Z,0027
1485248649253,application_1485248649253_0186,2017-07-27T21:18:18.000Z,2017-07-27T21:38:19.000Z,0186
1485248649253,application_1485248649253_0143,2017-06-09T17:24:53.000Z,2017-06-09T17:41:25.000Z,0143
1485248649253,application_1485248649253_0173,2017-07-27T11:41:53.000Z,2017-07-27T11:59:40.000Z,0173
1485248649253,application_1485248649253_0055,2017-03-29T17:28:03.000Z,2017-03-29T18:05:33.000Z,0055
1485248649253,application_1485248649253_0174,2017-07-27T14:31:34.000Z,2017-07-27T14:53:35.000Z,0174
1485248649253,application_1485248649253_0187,2017-07-27T21:25:08.000Z,2017-07-27T21:45:00.000Z,0187
1485248649253,application_1485248649253_0029,2017-03-16T17:11:13.000Z,2017-03-16T17:40:38.000Z,0029
1485248649253,application_1485248649253_0053,2017-03-29T17:07:34.000Z,2017-03-29T17:45:50.000Z,0053
1485248649253,application_1485248649253_0051,2017-03-29T10:08:37.000Z,2017-03-29T10:10:19.000Z,0051
1485248649253,application_1485248649253_0009,2017-03-14T21:02:26.000Z,2017-03-14T21:14:41.000Z,0009
1485248649253,application_1485248649253_0078,2017-06-06T21:07:25.000Z,2017-06-06T21:18:25.000Z,0078
1485248649253,application_1485248649253_0006,2017-02-09T20:36:11.000Z,2017-02-09T20:44:05.000Z,0006
1485248649253,application_1485248649253_0180,2017-07-27T15:14:48.000Z,2017-07-27T15:32:31.000Z,0180
1485248649253,application_1485248649253_0008,2017-03-14T20:59:51.000Z,2017-03-14T21:13:59.000Z,0008
1485248649253,application_1485248649253_0112,2017-06-08T10:49:47.000Z,2017-06-08T11:05:56.000Z,0112
1485248649253,application_1485248649253_0182,2017-07-27T20:57:23.000Z,2017-07-27T21:15:10.000Z,0182
1485248649253,application_1485248649253_0183,2017-07-27T21:07:53.000Z,2017-07-27T21:18:22.000Z,0183
1485248649253,application_1485248649253_0177,2017-07-27T15:09:56.000Z,2017-07-27T15:19:06.000Z,0177
1485248649253,application_1485248649253_0080,2017-06-06T21:01:03.000Z,2017-06-06T21:18:53.000Z,0080
1485248649253,application_1485248649253_0179,2017-07-27T15:23:03.000Z,2017-07-27T15:31:35.000Z,0179
1485248649253,application_1485248649253_0175,2017-07-27T14:35:30.000Z,2017-07-27T14:45:51.000Z,0175
1485248649253,application_1485248649253_0185,2017-07-27T21:23:12.000Z,2017-07-27T21:33:34.000Z,0185
1485248649253,application_1485248649253_0181,2017-07-27T20:25:59.000Z,2017-07-27T20:35:52.000Z,0181
1485248649253,application_1485248649253_0176,2017-07-27T14:42:13.000Z,2017-07-27T14:52:05.000Z,0176
1485248649253,application_1485248649253_0086,2017-06-06T21:09:52.000Z,2017-06-06T21:18:55.000Z,0086
1485248649253,application_1485248649253_0178,2017-07-27T15:02:55.000Z,2017-07-27T15:20:38.000Z,0178
1485248649253,application_1485248649253_0084,2017-06-06T21:02:26.000Z,2017-06-06T21:20:15.000Z,0084
1485248649253,application_1485248649253_0113,2017-06-08T10:51:50.000Z,2017-06-08T11:07:59.000Z,0113
1485248649253,application_1485248649253_0087,2017-06-06T21:10:14.000Z,2017-06-06T21:19:40.000Z,0087
1485248649253,application_1485248649253_0114,2017-06-08T10:52:33.000Z,2017-06-08T11:08:42.000Z,0114
1485248649253,application_1485248649253_0085,2017-06-06T21:09:35.000Z,2017-06-06T21:18:32.000Z,0085
1485248649253,application_1485248649253_0081,2017-06-06T21:08:12.000Z,2017-06-06T21:17:33.000Z,0081
1485248649253,application_1485248649253_0001,2017-01-24T17:00:28.000Z,2017-01-24T17:13:19.000Z,0001
1485248649253,application_1485248649253_0052,2017-03-29T09:55:33.000Z,2017-03-29T10:11:36.000Z,0052
1485248649253,application_1485248649253_0088,2017-06-06T21:10:37.000Z,2017-06-06T21:21:37.000Z,0088
1485248649253,application_1485248649253_0083,2017-06-06T21:02:04.000Z,2017-06-06T21:17:51.000Z,0083
1485248649253,application_1485248649253_0004,2017-02-09T19:56:35.000Z,2017-02-09T20:03:43.000Z,0004
1485248649253,application_1485248649253_0082,2017-06-06T21:01:43.000Z,2017-06-06T21:17:30.000Z,0082
1485248649253,application_1485248649253_0003,2017-02-09T19:44:21.000Z,2017-02-09T19:56:53.000Z,0003
1485248649253,application_1485248649253_0026,2017-03-16T16:38:25.000Z,2017-03-16T16:57:20.000Z,0026
1472621869829,application_1472621869829_0088,2016-09-09T10:06:51.000Z,2016-09-09T10:07:06.000Z,0088
1440487435730,application_1440487435730_0039,2015-09-01T18:14:40.000Z,2015-09-01T18:19:50.000Z,0039
1485248649253,application_1485248649253_0023,2017-03-14T22:03:09.000Z,2017-03-14T22:36:35.000Z,0023
1485248649253,application_1485248649253_0017,2017-03-14T21:22:44.000Z,2017-03-14T21:38:38.000Z,0017
1485248649253,application_1485248649253_0007,2017-03-14T20:56:31.000Z,2017-03-14T21:11:24.000Z,0007
1485248649253,application_1485248649253_0011,2017-03-14T21:13:08.000Z,2017-03-14T21:22:44.000Z,0011
1485248649253,application_1485248649253_0012,2017-03-14T21:21:44.000Z,2017-03-14T21:31:20.000Z,0012
1485248649253,application_1485248649253_0016,2017-03-14T21:26:48.000Z,2017-03-14T21:32:46.000Z,0016
1485248649253,application_1485248649253_0010,2017-03-14T21:11:12.000Z,2017-03-14T21:21:44.000Z,0010
1485248649253,application_1485248649253_0054,2017-03-29T17:12:57.000Z,2017-03-29T17:29:51.000Z,0054
1485248649253,application_1485248649253_0033,2017-03-21T00:18:39.000Z,2017-03-21T00:36:52.000Z,0033
1485248649253,application_1485248649253_0015,2017-03-14T21:24:02.000Z,2017-03-14T21:33:36.000Z,0015
1485248649253,application_1485248649253_0019,2017-03-14T21:30:49.000Z,2017-03-14T21:46:41.000Z,0019
1485248649253,application_1485248649253_0024,2017-03-14T22:16:41.000Z,2017-03-14T22:51:06.000Z,0024
1485248649253,application_1485248649253_0014,2017-03-14T21:23:57.000Z,2017-03-14T21:31:23.000Z,0014
1485248649253,application_1485248649253_0018,2017-03-14T21:26:32.000Z,2017-03-14T21:40:13.000Z,0018
1485248649253,application_1485248649253_0022,2017-03-14T21:52:53.000Z,2017-03-14T22:08:33.000Z,0022
1485248649253,application_1485248649253_0020,2017-03-14T21:39:57.000Z,2017-03-14T21:46:10.000Z,0020
1485248649253,application_1485248649253_0005,2017-02-09T20:17:48.000Z,2017-02-09T20:25:41.000Z,0005
1485248649253,application_1485248649253_0077,2017-06-06T20:54:23.000Z,2017-06-06T21:12:14.000Z,0077
1472621869829,application_1472621869829_0083,2016-09-09T07:46:50.000Z,2016-09-09T07:47:09.000Z,0083
1485248649253,application_1485248649253_0032,2017-03-21T00:18:54.000Z,2017-03-21T00:35:42.000Z,0032
1485248649253,application_1485248649253_0040,2017-03-23T15:49:27.000Z,2017-03-23T15:51:18.000Z,0040
1472621869829,application_1472621869829_0081,2016-09-09T07:43:47.000Z,2016-09-09T07:44:12.000Z,0081
1472621869829,application_1472621869829_0085,2016-09-09T07:51:18.000Z,2016-09-09T07:51:44.000Z,0085
1472621869829,application_1472621869829_0084,2016-09-09T07:48:25.000Z,2016-09-09T07:48:49.000Z,0084
1472621869829,application_1472621869829_0082,2016-09-09T07:45:49.000Z,2016-09-09T07:45:59.000Z,0082
1472621869829,application_1472621869829_0086,2016-09-09T07:52:43.000Z,2016-09-09T07:53:05.000Z,0086
1485248649253,application_1485248649253_0031,2017-03-21T00:17:49.000Z,2017-03-21T00:23:21.000Z,0031
1485248649253,application_1485248649253_0021,2017-03-14T21:58:34.000Z,2017-03-14T21:58:45.000Z,0021
